,Accuracy,Loss,Precision,Recall,F1-Score
0,0.0002749999985098839,0.19476214051246643,0.9721550345420837,0.9548125267028809,0.9634057402381495
1,0.0016589285805821419,0.06577048450708389,0.9836327433586121,0.978732168674469,0.9811763369629212
