,Accuracy,Loss,Precision,Recall,F1-Score
0,0.0001446428505005315,0.1892446130514145,0.9619787931442261,0.930267870426178,0.945857620491059
1,0.0005071428604424,0.06504660099744797,0.9831162095069885,0.9784464240074158,0.980775758204995
